user_id,item_id,recommend_False,recommend_True,price
76561198048353577,4000,0,1,9.99
diego9031,4000,0,1,9.99
76561198090715178,4000,0,1,9.99
DemonicWolvz,4000,0,1,9.99
76561198087010391,4000,0,1,9.99
hellcat59,4000,0,1,9.99
I_DID_911_JUST_SAYING,4000,0,1,9.99
TomoeMamiewe,4000,0,1,9.99
SlutOnTheSpit,4000,0,1,9.99
76561198082992295,4000,0,1,9.99
de_triggered,4000,0,1,9.99
76561198064579722,4000,0,1,9.99
hbk1462,4000,0,1,9.99
BugsyBro,4000,0,1,9.99
76561198067657905,4000,0,1,9.99
asdasdfsadgdfhfgjggj,4000,0,1,9.99
76561198097450390,4000,0,1,9.99
76561198142474106,4000,0,1,9.99
76561198172099661,4000,0,1,9.99
76561198107928649,4000,1,0,9.99
76561198012514677,4000,0,1,9.99
Yugm,4000,0,1,9.99
ashley1222,4000,0,1,9.99
76561198165512984,4000,0,1,9.99
EternumHD,4000,0,1,9.99
76561198047208774,4000,0,1,9.99
76561198162487321,4000,0,1,9.99
76561198066916378,4000,0,1,9.99
DANKESTMEMEMACHINEEVER,4000,0,1,9.99
poopeepeepoo,4000,0,1,9.99
76561198087871638,4000,0,1,9.99
ironcass,4000,0,1,9.99
LachieLobster,4000,0,1,9.99
nchavezzzzz,4000,0,1,9.99
macky121,4000,0,1,9.99
76561198053781096,4000,0,1,9.99
76561198063274178,4000,0,1,9.99
tehbluscoot,4000,0,1,9.99
76561198075747130,4000,0,1,9.99
mj10991,4000,0,1,9.99
54678907652,4000,0,1,9.99
76561198007041072,4000,0,1,9.99
nitr0ticwolf,4000,0,1,9.99
UncleTobsy,4000,0,1,9.99
76561198085759352,4000,0,1,9.99
ItzJimmeh,4000,0,1,9.99
minecraftdude1111,4000,0,1,9.99
76561198087480152,4000,1,0,9.99
76561198066636734,4000,0,1,9.99
76561198107946315,4000,0,1,9.99
NoSwagm8,4000,0,1,9.99
76561198056707717,4000,0,1,9.99
fgtkms,4000,0,1,9.99
76561198053916297,4000,0,1,9.99
76561198071088410,4000,0,1,9.99
76561198075313412,4000,0,1,9.99
76561198015930046,4000,0,1,9.99
76561198062278911,4000,0,1,9.99
Truebro115,4000,0,1,9.99
DatBoiOShitWhaddup,4000,0,1,9.99
TuPugFavorito,4000,0,1,9.99
76561198061207064,4000,0,1,9.99
fldwest,4000,0,1,9.99
Freeballin99,4000,0,1,9.99
UltraPonies,4000,0,1,9.99
TahuW,4000,0,1,9.99
lordthanatosbr,4000,1,0,9.99
dead5,4000,0,1,9.99
ArchangelItherael,4000,0,1,9.99
76561198093838282,4000,0,1,9.99
Kaboku,4000,0,1,9.99
FakMuther1234,4000,0,1,9.99
jahmezgamingofficial,4000,0,1,9.99
insenzato,4000,0,1,9.99
76561198067546287,4000,0,1,9.99
GaffyAreAwesome,4000,0,1,9.99
BestinTheWorldThund3r,4000,0,1,9.99
barbas1,4000,0,1,9.99
hugh244,4000,0,1,9.99
4RCH4NG3Ll,4000,0,1,9.99
PSLOVER9,4000,0,1,9.99
gamername13,4000,0,1,9.99
doyouevensmokeweed,4000,0,1,9.99
camjker,4000,0,1,9.99
GimmedatUnusual,4000,0,1,9.99
76561198081284814,4000,0,1,9.99
Haydzz,4000,0,1,9.99
Aviatorch,4000,0,1,9.99
scyana4,4000,0,1,9.99
76561198079557901,4000,0,1,9.99
YumiHayashibiara,4000,0,1,9.99
76561198143395684,4000,0,1,9.99
Dramiken,4000,0,1,9.99
76561198063000481,4000,0,1,9.99
nano11ful,4000,0,1,9.99
CaptainCrytec,4000,0,1,9.99
76561198048432706,4000,0,1,9.99
minecraftmodder,4000,0,1,9.99
Ifuckedmycompanioncube,4000,0,1,9.99
bails121,4000,0,1,9.99
foe99FTW,4000,0,1,9.99
76561198091199302,4000,0,1,9.99
fredericktb,4000,0,1,9.99
434238948,4000,0,1,9.99
Gun_p0wder,4000,0,1,9.99
76561198059241716,4000,1,0,9.99
76561198152535010,4000,0,1,9.99
Leafthefur,4000,0,1,9.99
76561198058405866,4000,0,1,9.99
Kuranszo,4000,0,1,9.99
anjelloism,4000,0,1,9.99
76561198107609787,4000,0,1,9.99
iWooder,4000,0,1,9.99
Jaegerix,4000,0,1,9.99
jarradmcj,4000,0,1,9.99
76561198080717002,4000,0,1,9.99
76561198078112264,4000,0,1,9.99
76561198105110458,4000,0,1,9.99
76561198094663718,4000,0,1,9.99
KattykitTheKittyKat,4000,0,1,9.99
HackingPro1,4000,0,1,9.99
76561198065171294,4000,0,1,9.99
KKruger,4000,0,1,9.99
76561198069470642,4000,0,1,9.99
expert_spy,4000,0,1,9.99
troiani8,4000,0,1,9.99
MatLyGames,4000,0,1,9.99
MatthewW7,4000,0,1,9.99
matt2510sonic,4000,0,1,9.99
NateFawkesRiver,4000,0,1,9.99
wearethechampionsmyfriend,4000,0,1,9.99
mazkg,4000,0,1,9.99
76561198056747623,4000,0,1,9.99
GreatShot,4000,1,0,9.99
Yichenzbj,4000,0,1,9.99
gourmetdeadthings,4000,0,1,9.99
76561198081120147,4000,0,1,9.99
samsul,4000,1,0,9.99
Nexu-Kun,4000,0,1,9.99
ZePoatat,4000,0,1,9.99
recon931,4000,0,1,9.99
76561198098039823,4000,0,1,9.99
76561198079493299,4000,0,1,9.99
76561198087556976,4000,0,1,9.99
76561198202443306,4000,0,1,9.99
76561198144440845,4000,0,1,9.99
Alex5763,4000,0,1,9.99
76561198071907118,4000,0,1,9.99
Skippy333,4000,0,1,9.99
BicepsAreGoneJustLikeSkins,4000,0,1,9.99
76561198169873333,4000,0,1,9.99
76561198062125305,4000,0,1,9.99
Nargoord,4000,0,1,9.99
76561198043562907,4000,0,1,9.99
76561198073873333,4000,0,1,9.99
76561198089346291,4000,0,1,9.99
76561198078205030,4000,0,1,9.99
kzkyus,4000,0,1,9.99
TacozAreImmortality,4000,0,1,9.99
LeAssasinMinion,4000,0,1,9.99
53112195114,4000,0,1,9.99
middablue,4000,0,1,9.99
TheHolyPotato57,4000,0,1,9.99
76561198056640740,4000,0,1,9.99
Skirin200,4000,0,1,9.99
code_maikel,4000,0,1,9.99
76561198087966210,4000,0,1,9.99
WatchAnimeEveryDay,4000,0,1,9.99
TheAnonymous15,4000,0,1,9.99
DerpyMineTurtle,4000,0,1,9.99
stewysdsdsdsadasdgsadf,4000,0,1,9.99
FokkoChan,4000,0,1,9.99
Tudah,4000,0,1,9.99
Turtleboy2001,4000,0,1,9.99
Uber__,4000,0,1,9.99
AssassinOfTruth,4000,0,1,9.99
blackviper8881,4000,0,1,9.99
WardPearce,4000,0,1,9.99
76561198085267385,4000,0,1,9.99
MatusPocus,4000,0,1,9.99
AncestorSiezzz,4000,0,1,9.99
76561198082199887,4000,0,1,9.99
76561198018138686,4000,0,1,9.99
Sabdoor,4000,0,1,9.99
dopeywhitefrost,4000,0,1,9.99
TalonsGaming,4000,0,1,9.99
76561198085285121,4000,1,0,9.99
8498521623,4000,0,1,9.99
SWu3da9W,4000,0,1,9.99
76561198063316459,4000,0,1,9.99
76561198060557951,4000,1,0,9.99
SakurasouNo,4000,0,1,9.99
71251241,4000,0,1,9.99
76561198079653655,4000,0,1,9.99
76561198079709365,4000,0,1,9.99
76561198054209522,4000,0,1,9.99
LoiroG,4000,0,1,9.99
QuirkyChicken,4000,0,1,9.99
76561198126926393,4000,0,1,9.99
76561198092674729,4000,0,1,9.99
AD51,4000,0,1,9.99
jamesmasterx,4000,0,1,9.99
minecraftfan367,4000,0,1,9.99
rebelsuprising,4000,0,1,9.99
winnieafg,4000,0,1,9.99
tuna168,4000,0,1,9.99
76561198089365649,4000,1,0,9.99
MoneyMaster55,4000,0,1,9.99
76561198095964304,4000,0,1,9.99
76561198160316683,4000,0,1,9.99
1850172512752815,4000,0,1,9.99
76561198089434180,4000,0,1,9.99
76561198094410284,4000,0,1,9.99
the_abomination,4000,0,1,9.99
76561198088213120,4000,0,1,9.99
76561198047117090,4000,0,1,9.99
AsherFatin,4000,0,1,9.99
Strikeria,4000,0,1,9.99
Big_Turkey,4000,0,1,9.99
stopreadingthisthing,4000,0,1,9.99
120488700,4000,0,1,9.99
ForTheLolz7,4000,0,1,9.99
76561198192790182,4000,0,1,9.99
76561198088531324,4000,0,1,9.99
7656119804296544,4000,0,1,9.99
kt7580,4000,0,1,9.99
76561198245310554,4000,0,1,9.99
BovJohn,4000,0,1,9.99
imacatseeulr,4000,0,1,9.99
negrosarcastico,4000,0,1,9.99
caaake,4000,0,1,9.99
TheLandOfTheCalTheSpy,4000,0,1,9.99
76561198052485823,4000,0,1,9.99
darkayon,4000,0,1,9.99
76561198100282394,4000,0,1,9.99
AdvancedUnit,4000,0,1,9.99
SoleSaliva,4000,0,1,9.99
CookedTuna,4000,0,1,9.99
ninjamonkey901,4000,0,1,9.99
76561198057130438,4000,0,1,9.99
76561197996262501,4000,0,1,9.99
Corvus_bellator,4000,0,1,9.99
76561198076583990,4000,0,1,9.99
pranav69,4000,0,1,9.99
SiteYouAreEll,4000,0,1,9.99
DajTh3Dj,4000,0,1,9.99
76561198095226942,4000,0,1,9.99
DarkTitan9174,4000,0,1,9.99
deadlyUK,4000,0,1,9.99
76561198084360124,4000,0,1,9.99
Aika2013,4000,0,1,9.99
protodan2001,4000,0,1,9.99
76561198066968394,4000,0,1,9.99
76561198109249377,4000,0,1,9.99
Pineapplesarereallytasty,4000,0,1,9.99
Fregus,4000,0,1,9.99
liniers,4000,0,1,9.99
Pun123,4000,0,1,9.99
76561198089991627,4000,0,1,9.99
EnvyMan35,4000,0,1,9.99
PipingWind,4000,0,1,9.99
L4N7Y8postalcode,4000,0,1,9.99
EXC-2_Stroke,4000,0,1,9.99
76561198044120729,4000,0,1,9.99
FairHeaven,4000,0,1,9.99
makemericaokagain,4000,0,1,9.99
ninehcg,4000,0,1,9.99
LANGA326,4000,0,1,9.99
JoinFaze,4000,0,1,9.99
IV4X,4000,0,1,9.99
forganmreeman,4000,0,1,9.99
76561198043441689,4000,0,1,9.99
76561198085062072,4000,1,0,9.99
76561198066121929,4000,0,1,9.99
Glitchar,4000,0,1,9.99
76561198081622518,4000,0,1,9.99
alyssawesome,4000,0,1,9.99
pesterChum,4000,0,1,9.99
76561198089455336,4000,0,1,9.99
green_crayonz,4000,0,1,9.99
guy47b,4000,0,1,9.99
76561198034923542,4000,0,1,9.99
getMemMeED,4000,0,1,9.99
76561198072460153,4000,0,1,9.99
FD_GOD_BR,4000,0,1,9.99
76561198085788881,4000,0,1,9.99
Spooky4me,4000,0,1,9.99
76561198096736743,4000,0,1,9.99
jellodoubleo,4000,0,1,9.99
Jellycaml,4000,0,1,9.99
76561198063458300,4000,0,1,9.99
superglab,4000,0,1,9.99
76561198068264797,4000,0,1,9.99
76561198078887963,4000,0,1,9.99
Just_Some_Random_Stranger,4000,0,1,9.99
lixdy,4000,0,1,9.99
OfficialKilx,4000,0,1,9.99
TakeOffGamer,4000,0,1,9.99
76561198123037740,4000,0,1,9.99
BewareWeLive,4000,0,1,9.99
76561198016232690,4000,0,1,9.99
Zelonier,4000,0,1,9.99
biscutbaker,4000,0,1,9.99
HumanBoy,4000,0,1,9.99
KotaKuroGG,4000,0,1,9.99
76561198101968197,4000,0,1,9.99
Krakers99,4000,0,1,9.99
76561198045837166,4000,0,1,9.99
76561198087423111,4000,0,1,9.99
76561198073647322,4000,0,1,9.99
icantfindagoodcustomurl,4000,0,1,9.99
Lcast15,4000,0,1,9.99
LeEddie,4000,0,1,9.99
avenger_leo,4000,0,1,9.99
76561198072889134,4000,0,1,9.99
luminarybrilliant,4000,0,1,9.99
76561198092248933,4000,0,1,9.99
76561198159891952,4000,0,1,9.99
FokkoChan2,4000,0,1,9.99
chooves,4000,0,1,9.99
MantisTobogganThe2nd,4000,0,1,9.99
Noorman,4000,0,1,9.99
mind_fucked,4000,0,1,9.99
Mcboyo,4000,0,1,9.99
76561198095959526,4000,0,1,9.99
76561198064936176,4000,0,1,9.99
76561198171017834,4000,0,1,9.99
superdodo5,4000,0,1,9.99
sock1345,4000,0,1,9.99
76561198035148971,4000,0,1,9.99
mortonawsome100,4000,0,1,9.99
mrjeffersontm,4000,0,1,9.99
76561198130273713,4000,0,1,9.99
mrmullac,4000,0,1,9.99
esema1234,4000,1,0,9.99
Navezinho,4000,0,1,9.99
neorastrus,4000,0,1,9.99
76561198068968487,4000,0,1,9.99
Juluck,4000,0,1,9.99
76561198103217965,4000,0,1,9.99
ohreoreoreo,4000,0,1,9.99
NeroDarkMC,4000,0,1,9.99
76561198089288206,4000,0,1,9.99
Slamosis,4000,0,1,9.99
Pedro_Alberto,4000,0,1,9.99
76561198049272839,4000,0,1,9.99
xxxoffryf,4000,0,1,9.99
LordOfOreos,4000,0,1,9.99
76561198041906216,4000,0,1,9.99
76561198133746607,4000,0,1,9.99
perrojudio,4000,0,1,9.99
76561198111678752,4000,0,1,9.99
76561198097432153,4000,0,1,9.99
76561198070282717,4000,0,1,9.99
76561198056984812,4000,0,1,9.99
76561198059891232,4000,0,1,9.99
frodomybaggins,4000,0,1,9.99
ritzyswordfish,4000,0,1,9.99
allo121,4000,0,1,9.99
ehehmypinylel,4000,0,1,9.99
cacador_br,4000,0,1,9.99
76561198074843769,4000,0,1,9.99
76561198091120667,4000,0,1,9.99
76561198028617374,4000,0,1,9.99
Ryusey,4000,0,1,9.99
76561198069708131,4000,0,1,9.99
Shooter_man83,4000,0,1,9.99
76561198084636226,4000,0,1,9.99
76561198083609031,4000,0,1,9.99
76561198141851819,4000,0,1,9.99
spankwankable,4000,0,1,9.99
UtterRarity,4000,0,1,9.99
SpicyPepperOfficial,4000,0,1,9.99
soapyshenen,4000,0,1,9.99
pyrulito,4000,0,1,9.99
jukeboxplays,4000,0,1,9.99
Superside,4000,0,1,9.99
EthanDaCookie,4000,0,1,9.99
SyberSybus,4000,0,1,9.99
76561198078482884,4000,0,1,9.99
temere,4000,0,1,9.99
76561198070264437,4000,0,1,9.99
76561198069065620,4000,0,1,9.99
76561198094831229,4000,0,1,9.99
theproficy,4000,0,1,9.99
TheWarpyro,4000,0,1,9.99
76561198092220546,4000,0,1,9.99
76561198063282649,4000,0,1,9.99
ToxicK-9,4000,0,1,9.99
76561198090511110,4000,0,1,9.99
TSWKramus,4000,0,1,9.99
guthix202,4000,0,1,9.99
76561198062177156,4000,0,1,9.99
henrydjunaedi,4000,0,1,9.99
101010101111,4000,0,1,9.99
76561198081497644,4000,0,1,9.99
BayonetSpaghettiKnife,4000,0,1,9.99
Ojandora,4000,0,1,9.99
whynotpink,4000,0,1,9.99
doyourdooty,4000,0,1,9.99
overrusedmale,4000,0,1,9.99
AqUaH20LiFe,4000,0,1,9.99
yunstar12,4000,0,1,9.99
76561198086096492,4000,0,1,9.99
zayyntt,4000,0,1,9.99
CocklesnCream,4000,0,1,9.99
Zugwars,4000,0,1,9.99
HybridSeizure,4000,0,1,9.99
Ioannesdei,4000,0,1,9.99
miniature53,4000,0,1,9.99
supadan77,4000,0,1,9.99
76561198164396715,4000,0,1,9.99
45826755958,4000,0,1,9.99
obscenedagger,4000,0,1,9.99
76561198142482015,4000,0,1,9.99
ToppyTheTopHat,4000,0,1,9.99
76561198012572074,4000,0,1,9.99
76561198016444183,4000,0,1,9.99
76561198024307868,4000,0,1,9.99
troyenzo,4000,0,1,9.99
tomtoth,4000,0,1,9.99
nopale,4000,0,1,9.99
76561198040596416,4000,0,1,9.99
matheusgarcias,4000,0,1,9.99
76561198043904527,4000,0,1,9.99
carlosbala,4000,0,1,9.99
76561198048062725,4000,0,1,9.99
darrylcheng,4000,0,1,9.99
hyperwes,4000,0,1,9.99
jaydanred,4000,0,1,9.99
ricardojr190,4000,0,1,9.99
76561198050786131,4000,0,1,9.99
rezmwashere,4000,0,1,9.99
green290,4000,0,1,9.99
76561198052782830,4000,0,1,9.99
ben9600,4000,0,1,9.99
Talerfic,4000,0,1,9.99
Morgo_cs,4000,0,1,9.99
Flubbabubby,4000,0,1,9.99
leonardokpo,4000,0,1,9.99
smellyshorts,4000,0,1,9.99
ElGrible,4000,0,1,9.99
justclose,4000,0,1,9.99
76561198059743109,4000,0,1,9.99
76561198059870308,4000,0,1,9.99
sonGohan8D,4000,0,1,9.99
DylanVN238,4000,0,1,9.99
76561198061217837,4000,0,1,9.99
behartchify,4000,0,1,9.99
76561198061859859,4000,0,1,9.99
ghostexdelta6,4000,0,1,9.99
jelouimmalxd,4000,0,1,9.99
76561198063966018,4000,0,1,9.99
enVusGaming,4000,0,1,9.99
profilezinga,4000,0,1,9.99
PlzDontFuckUp,4000,0,1,9.99
76561198065036786,4000,0,1,9.99
Camzarg,4000,0,1,9.99
76561198066776523,4000,0,1,9.99
76561198067127217,4000,0,1,9.99
76561198067200849,4000,0,1,9.99
HarrisonSteam34,4000,0,1,9.99
76561198068232371,4000,0,1,9.99
cooltitan,4000,0,1,9.99
76561198068387908,4000,0,1,9.99
76561198068481390,4000,0,1,9.99
76561198068620780,4000,0,1,9.99
76561198069162472,4000,0,1,9.99
dmitry_who,4000,0,1,9.99
funky4tacos,4000,0,1,9.99
razzer_serbia_2,4000,0,1,9.99
76561198069812039,4000,0,1,9.99
76561198070011469,4000,0,1,9.99
76561198070219608,4000,0,1,9.99
royrox,4000,0,1,9.99
iamill,4000,0,1,9.99
TJBAnarchy,4000,0,1,9.99
shrubthebush,4000,0,1,9.99
ElliotTheHors3FuCk3r,4000,0,1,9.99
ratchetfromglenrust,4000,0,1,9.99
76561198071649256,4000,0,1,9.99
SpongeNips,4000,0,1,9.99
jokasavage,4000,0,1,9.99
jaspooer,4000,0,1,9.99
OfficalUberZ,4000,0,1,9.99
hyeyey,4000,0,1,9.99
ByanVEVO,4000,1,0,9.99
76561198073931851,4000,0,1,9.99
76561198074096704,4000,0,1,9.99
pineapple671,4000,0,1,9.99
ThatMisterOps,4000,0,1,9.99
76561198074753395,4000,0,1,9.99
UNTITLEDJASRITHFREGSEXYNEIL6969,4000,0,1,9.99
76561198075883349,4000,0,1,9.99
76561198076482697,4000,0,1,9.99
76561198076683773,4000,0,1,9.99
76561198077762687,4000,0,1,9.99
GustavoExGX11,4000,0,1,9.99
bonkboy55,4000,0,1,9.99
Wortzong,4000,0,1,9.99
76561198078589899,4000,0,1,9.99
76561198078617407,4000,0,1,9.99
kyle420blazeit,4000,0,1,9.99
datprofiledoe,4000,0,1,9.99
dhystroyer,4000,0,1,9.99
cwalk128,4000,0,1,9.99
splitmyurethra,4000,0,1,9.99
76561198080581750,4000,0,1,9.99
76561198080656673,4000,0,1,9.99
Satan-666,4000,0,1,9.99
roksta101,4000,0,1,9.99
ImReeceify,4000,0,1,9.99
76561198081008739,4000,0,1,9.99
kyle25111,4000,0,1,9.99
babydavestation,4000,0,1,9.99
76561198081708561,4000,0,1,9.99
DorsalEntree819,4000,0,1,9.99
76561198081715323,4000,0,1,9.99
InhamaPlays,4000,0,1,9.99
L4GM4ST3R,4000,0,1,9.99
TheBeard123,4000,0,1,9.99
AlphaSlendy,4000,0,1,9.99
76561198083126313,4000,0,1,9.99
76561198083490956,4000,0,1,9.99
alohawaii,4000,0,1,9.99
76561198083901617,4000,0,1,9.99
76561198084189953,4000,0,1,9.99
ericwashea123,4000,0,1,9.99
76561198085090114,4000,0,1,9.99
jefftequilla,4000,0,1,9.99
ItsHodge,4000,0,1,9.99
muffinwoona,4000,0,1,9.99
Dacstar763,4000,0,1,9.99
76561198087574887,4000,0,1,9.99
76561198087951172,4000,0,1,9.99
lolsnipertroll45,4000,0,1,9.99
legalner,4000,0,1,9.99
MRenderman5,4000,0,1,9.99
PuggyYo,4000,0,1,9.99
7656119815549OO43,4000,0,1,9.99
mog1,4000,0,1,9.99
76561198089076206,4000,0,1,9.99
FrammyCryZ,4000,0,1,9.99
Bigmama1,4000,0,1,9.99
nu7,4000,0,1,9.99
Sauropod,4000,0,1,9.99
giandeath,4000,0,1,9.99
Mlg_Rekt_M9,4000,0,1,9.99
PandasBeSwagLiek,4000,0,1,9.99
76561198093624785,4000,0,1,9.99
76561198094397698,4000,0,1,9.99
gost555,4000,1,0,9.99
76561198094426674,4000,0,1,9.99
lowkeytryhard,4000,0,1,9.99
76561198095124187,4000,0,1,9.99
76561198095229758,4000,0,1,9.99
belowzerozaki,4000,0,1,9.99
76561198095318446,4000,0,1,9.99
76561198095360391,4000,0,1,9.99
76561198095839093,4000,0,1,9.99
76561198097195766,4000,0,1,9.99
76561198097208062,4000,0,1,9.99
AdoptedChicken,4000,0,1,9.99
76561198098152088,4000,0,1,9.99
mrscruff30,4000,0,1,9.99
marcusd101,4000,0,1,9.99
76561198101001765,4000,0,1,9.99
76561198102241733,4000,0,1,9.99
shequiladaddy,4000,0,1,9.99
76561198102469448,4000,0,1,9.99
76561198103228488,4000,0,1,9.99
76561198103380461,4000,0,1,9.99
MrInward,4000,0,1,9.99
76561198104379099,4000,0,1,9.99
76561198104986767,4000,0,1,9.99
stasly,4000,0,1,9.99
76561198107295649,4000,0,1,9.99
76561198107730535,4000,0,1,9.99
76561198108193259,4000,0,1,9.99
_DiDz_,4000,0,1,9.99
76561198113108135,4000,1,0,9.99
ciel1160,4000,0,1,9.99
76561198117168994,4000,0,1,9.99
76561198120631608,4000,0,1,9.99
76561198140607750,4000,0,1,9.99
76561198143329709,4000,0,1,9.99
me2118,4000,0,1,9.99
76561198153360103,4000,0,1,9.99
imakeclocks,4000,0,1,9.99
76561198204448251,4000,0,1,9.99
bestcustomurlevermade,4000,0,1,9.99
76561198216894008,4000,0,1,9.99
wayfeng,4000,1,0,9.99
76561198083226897,105600,0,1,9.99
GandalfsMagicwand,105600,0,1,9.99
76561198220237531,105600,0,1,9.99
scrubnauts_,105600,0,1,9.99
jistar99,105600,0,1,9.99
76561198079999702,105600,0,1,9.99
OfficialBread,105600,0,1,9.99
Tyler_simpson,105600,0,1,9.99
76561198044455212,105600,0,1,9.99
76561198236724976,105600,0,1,9.99
noahdj6,105600,0,1,9.99
231321455,105600,0,1,9.99
myszkov,105600,0,1,9.99
76561198064838729,105600,0,1,9.99
JBEQUAN,105600,0,1,9.99
76561198068960493,105600,0,1,9.99
76561198068981362,105600,0,1,9.99
76561198070651185,105600,0,1,9.99
76561198071949176,105600,0,1,9.99
76561198074447562,105600,0,1,9.99
jeffthekilla,105600,0,1,9.99
ladapata,105600,0,1,9.99
76561198088748895,105600,0,1,9.99
76561198091251297,105600,0,1,9.99
76561198101289379,105600,0,1,9.99
76561198117619542,105600,0,1,9.99
SKELETRONPRIMEISOP,105600,0,1,9.99
76561198162375835,105600,0,1,9.99
Pyromanic,240,0,1,19.99
greyson_4450,240,0,1,19.99
Rambo1061,240,0,1,19.99
76561198064428104,240,0,1,19.99
raelwhiteout,240,0,1,19.99
Slynx_,240,0,1,19.99
camo88,240,0,1,19.99
76561198040704557,240,0,1,19.99
76561198050624870,240,0,1,19.99
chewyi,240,0,1,19.99
CheeZeIzLuv,240,0,1,19.99
Denzham,240,0,1,19.99
BioFlashPC,240,0,1,19.99
jvkzero,240,0,1,19.99
76561198082881423,240,0,1,19.99
76561198050173946,240,0,1,19.99
MrMasterix,240,0,1,19.99
76561198012630014,240,0,1,19.99
plowzy_,240,0,1,19.99
76561198101686893,240,0,1,19.99
Tarvo69,240,1,0,19.99
76561198044511328,240,0,1,19.99
dependancy,240,0,1,19.99
neadekvat161,240,0,1,19.99
76561197989691928,240,0,1,19.99
76561198067714968,240,0,1,19.99
76561198097034946,240,1,0,19.99
OG1,240,0,1,19.99
bugeyes8088123,240,0,1,19.99
caaallum,240,0,1,19.99
76561198058160377,240,0,1,19.99
monkeyboils,240,0,1,19.99
76561198070702618,240,0,1,19.99
76561198060037242,240,0,1,19.99
76561198116613588,240,0,1,19.99
breakleaf,240,0,1,19.99
flatwhite,240,0,1,19.99
Godlike_Hobbit,240,0,1,19.99
tommy11,240,0,1,19.99
yolomangamer,240,0,1,19.99
76561198062085357,240,0,1,19.99
j4sh,240,0,1,19.99
76561198055579125,240,0,1,19.99
maplesyrupguy,240,0,1,19.99
burnttoast4444,240,0,1,19.99
Scalerss,240,0,1,19.99
MrSpeedyPanda,240,0,1,19.99
originaldog,240,0,1,19.99
76561198085692317,240,0,1,19.99
SirHolyCow,240,0,1,19.99
whysotoxicbrew,240,0,1,19.99
76561198079637963,240,0,1,19.99
76561198058267330,240,0,1,19.99
NoculusRift,240,0,1,19.99
SuperVegito45,240,0,1,19.99
76561198076336866,240,0,1,19.99
76561198070991782,240,0,1,19.99
76561198060571519,240,0,1,19.99
76561198017204231,240,0,1,19.99
hyunter,240,0,1,19.99
76561198025983771,240,0,1,19.99
76561198030797558,240,0,1,19.99
from808,240,0,1,19.99
solesdn,240,0,1,19.99
76561198046508397,240,0,1,19.99
76561198047593692,240,0,1,19.99
CluelessHusky,240,0,1,19.99
juhurik,240,0,1,19.99
Sly_Elf,240,0,1,19.99
DubstepWolf182837981,240,0,1,19.99
76561198062295676,240,0,1,19.99
76561198065723606,240,0,1,19.99
Minigamin,240,0,1,19.99
76561198077811980,240,0,1,19.99
the_gaming_derp,240,0,1,19.99
76561198083857294,240,0,1,19.99
76561198084169375,240,0,1,19.99
76561198088776018,240,0,1,19.99
76561198095005075,240,0,1,19.99
76561198095160053,240,0,1,19.99
76561198095259560,240,0,1,19.99
julezislive,240,0,1,19.99
76561198106626996,240,0,1,19.99
jerooom,240,0,1,19.99
76561198131937518,240,0,1,19.99
76561198099625419,220,0,1,9.99
ohplsguuby,220,0,1,9.99
76561198121874542,220,0,1,9.99
76561197970812298,220,0,1,9.99
558092,220,0,1,9.99
76561198075257303,220,0,1,9.99
AeiouLmao,220,0,1,9.99
76561198079705633,220,0,1,9.99
Engurneer,220,0,1,9.99
76561198092068521,220,0,1,9.99
DarkKnight2599,220,0,1,9.99
NinjaPrei,220,0,1,9.99
CUSTOM666,220,0,1,9.99
76561198194758422,220,0,1,9.99
Jacab,220,0,1,9.99
MOnkeyASS12,220,0,1,9.99
76561198061830226,220,1,0,9.99
geroucien,220,0,1,9.99
tesreat,220,0,1,9.99
WindowsSteam,220,0,1,9.99
_steelphantom,220,0,1,9.99
76561198070509799,220,0,1,9.99
76561198063951820,220,0,1,9.99
cadeinminecraft,220,0,1,9.99
76561198065661382,220,0,1,9.99
blacknotwhitejesus,220,0,1,9.99
76561198070986460,220,0,1,9.99
76561198033131355,220,0,1,9.99
REScdihno,220,0,1,9.99
76561198054970463,220,0,1,9.99
CowOnWeed,220,0,1,9.99
76561198099488712,220,0,1,9.99
76561198084441276,220,0,1,9.99
brizzlys,220,0,1,9.99
jordnr,220,0,1,9.99
edenist,220,0,1,9.99
dream2506,220,0,1,9.99
XxX_bradley_XxX,220,0,1,9.99
76561198059301330,220,1,0,9.99
76561198048922542,220,0,1,9.99
ggaviation,220,0,1,9.99
NKraz,220,0,1,9.99
PajamaSam29,220,0,1,9.99
POISON_OAK,220,0,1,9.99
Monazthespaz,220,1,0,9.99
stonepac,220,0,1,9.99
snubbo,220,0,1,9.99
76561197977981554,220,0,1,9.99
76561197990498142,220,0,1,9.99
oio20199,220,0,1,9.99
greenie1995,220,0,1,9.99
4i20swagyolo69,220,0,1,9.99
maximusorb5,220,0,1,9.99
76561198053676404,220,1,0,9.99
PidermanLePickle,220,0,1,9.99
76561198057947451,220,0,1,9.99
FantahStick,220,0,1,9.99
dominozpizza-r-us,220,0,1,9.99
76561198068197203,220,0,1,9.99
naynnay,220,0,1,9.99
jiohigHfuyuCYgaupchg,220,0,1,9.99
alekseif,220,0,1,9.99
chikens,220,0,1,9.99
johnshere,220,0,1,9.99
76561198098840056,220,0,1,9.99
76561198020928326,70,0,1,9.99
76561197994404698,70,0,1,9.99
i_dont_give_a_jacks_ass,70,0,1,9.99
pandasmokingbamboo,70,0,1,9.99
patpat14,70,0,1,9.99
76561198069139035,70,1,0,9.99
76561198067182014,70,0,1,9.99
pizzajesus,70,0,1,9.99
auzmoz,320,0,1,4.99
76561198034438267,320,0,1,4.99
Bennysaputra,10,0,1,9.99
76561198040188061,10,0,1,9.99
mayshowganmore,10,0,1,9.99
apex124,10,0,1,9.99
timtam012,10,0,1,9.99
Bigzy,10,0,1,9.99
peetsasucks,10,1,0,9.99
shaman3soul3,10,0,1,9.99
76561198015886143,10,0,1,9.99
maddoxx789,10,0,1,9.99
lanatbeonakeehsasamokoshtan,10,0,1,9.99
pwnddumass,10,0,1,9.99
Hype_R,10,0,1,9.99
76561198082737449,10,0,1,9.99
76561198085715384,10,0,1,9.99
mixadance,10,0,1,9.99
TheRealChris02,10,0,1,9.99
cumme,10,0,1,9.99
waspish,10,0,1,9.99
Katidis,10,0,1,9.99
playergdgsd,10,0,1,9.99
Junkieee,10,0,1,9.99
urami,10,0,1,9.99
xboctisbest,10,0,1,9.99
76561198076217855,10,0,1,9.99
76561198089673598,10,0,1,9.99
t1e57o,10,0,1,9.99
76561198122904623,10,0,1,9.99
76561198046094676,4560,0,1,19.99
76561198074108172,730,0,1,14.99
allan94,730,0,1,14.99
PuzziDestroyer,730,0,1,14.99
maxyrogers,730,0,1,14.99
sbeghen,730,0,1,14.99
th14f,730,0,1,14.99
76561198066636005,730,0,1,14.99
Refrayhack,730,0,1,14.99
76561198084300729,730,1,0,14.99
76561198134680751,730,0,1,14.99
JackkSTEAM,730,0,1,14.99
76561198070637637,730,0,1,14.99
76561198320203075,730,0,1,14.99
76561198071374270,730,0,1,14.99
76561198100093966,730,0,1,14.99
Hydreigon_44,730,0,1,14.99
oceanbleu,730,0,1,14.99
camicase,730,0,1,14.99
76561198076299728,730,0,1,14.99
404ok4561687987879847,730,1,0,14.99
76561198077733387,730,1,0,14.99
76561198079507136,730,0,1,14.99
76561198106631285,730,0,1,14.99
76561198119882936,730,0,1,14.99
320RustPro,730,0,1,14.99
76561198141694307,730,0,1,14.99
76561198141889949,730,0,1,14.99
L_DiCaprio,730,0,1,14.99
AdrianC88,730,0,1,14.99
SomeRandomNewAccount,730,0,1,14.99
76561198147908192,730,0,1,14.99
cozzabro,730,0,1,14.99
officialAlex3y,730,0,1,14.99
NEYMRJR,730,0,1,14.99
saSZapauer,730,0,1,14.99
76561198174605218,730,0,1,14.99
76561198187081679,730,0,1,14.99
76561198194200105,730,0,1,14.99
alphahostage,730,0,1,14.99
SmeshDoge,6860,0,1,8.99
SJGordan,6860,0,1,8.99
hoot_toot,1900,1,0,4.99
Jaberley,227300,0,1,19.99
you_re_ded,1250,0,1,19.99
swatgamerbr,1250,0,1,19.99
theghostmkung,1250,0,1,19.99
76561198125983083,1250,0,1,19.99
76561198075707246,1250,0,1,19.99
76561198067771967,1250,1,0,19.99
DJEXO,1250,0,1,19.99
76561198087196831,1250,0,1,19.99
TherDarkImmortal,1250,0,1,19.99
Podzoz,300,0,1,9.99
YouAreDedNottaBigSoupPrice,300,1,0,9.99
Deus_VuIt,300,0,1,9.99
regalgjblue,300,0,1,9.99
bobofofo,300,0,1,9.99
vagatarian2,300,0,1,9.99
00000000000000000001227,300,0,1,9.99
76561198104824869,300,0,1,9.99
360j1mmy,300,0,1,9.99
Crackleking76,300,0,1,9.99
BrahJimbo,300,0,1,9.99
danny065,300,0,1,9.99
LiberationestZ,300,0,1,9.99
SlapstickGhost,300,0,1,9.99
hanisadam,300,1,0,9.99
CookiesForHobos,300,0,1,9.99
76561198093818820,300,0,1,9.99
RaxonTV,300,0,1,9.99
76561198035136096,3320,0,1,4.99
76561198023374983,3320,0,1,4.99
DiamondAthority,3320,0,1,4.99
76561198054767146,3910,0,1,4.99
76561198070315347,3910,0,1,4.99
McCatson,3910,0,1,4.99
76561198061775209,4700,0,1,19.99
mazokn,4700,1,0,19.99
ImmortalDragon,7940,0,1,19.99
kitchenappliancewow,239030,0,1,9.99
LaTKH,22300,0,1,9.99
76561198045635178,550,0,1,19.99
76561198056455203,550,0,1,19.99
76561198146431031,550,0,1,19.99
brunolopez67,550,0,1,19.99
76561198058220261,550,0,1,19.99
driftinWITHIN,550,0,1,19.99
76561198070735417,550,0,1,19.99
76561198081816341,550,0,1,19.99
76561198082647315,550,0,1,19.99
76561198087378537,550,0,1,19.99
76561198087380689,550,0,1,19.99
KoonNew,550,0,1,19.99
76561198090851230,550,0,1,19.99
76561198092242919,550,0,1,19.99
76561198096734926,550,0,1,19.99
76561198098453611,550,0,1,19.99
framesm8,550,0,1,19.99
76561198122488761,400,0,1,9.99
yoshipowerz,400,0,1,9.99
thelordoftheflies,400,0,1,9.99
endradigo,400,0,1,9.99
76561198090332398,228760,1,0,19.99
skuatz,48700,0,1,19.99
76561198065782495,22380,0,1,9.99
76561198086317601,70000,0,1,9.99
76561198083393255,208480,0,1,19.99
76561198071308026,2400,0,1,9.99
76561198100337291,227940,0,1,0.0
jtrkyr,33230,0,1,19.99
76561198092278847,33230,0,1,19.99
CaptainAwesomeSK,50,1,0,4.99
IfYouThinkImASmurfKYS,50,0,1,4.99
76561198101738657,2610,0,1,19.99
05461025,304930,0,1,0.0
76561198084098744,304930,0,1,0.0
76561198095980012,304930,0,1,0.0
76561198139928409,304930,0,1,0.0
76561198142902055,304930,0,1,0.0
huangsy,304930,0,1,0.0
csgoloungeone,21660,1,0,19.99
76561198027754729,15620,0,1,19.99
76561198042465147,12100,0,1,9.99
hyperion_7312,7670,0,1,19.99
ICe_maN_Tom,17480,0,1,19.99
76561198019917406,30,1,0,4.99
76561198180904743,8930,0,1,29.99
dajewkilla,8930,0,1,29.99
76561198078836858,17410,0,1,19.99
76561198095725786,17410,0,1,19.99
76561198101806017,17410,0,1,19.99
yingxionglian,6870,1,0,6.99
76561198065624511,29800,0,1,1.99
76561198070361854,3390,0,1,4.99
Imnotfromaustraliakids,1200,0,1,9.99
76561198080651606,3920,0,1,9.99
sir_nickster,20,0,1,4.99
RebornbyFire,20,1,0,4.99
hallux,20,0,1,4.99
TheGameAndWatch,20,1,0,4.99
76561198089007932,34030,0,1,19.99
sploger,620,0,1,19.99
76561198061014279,620,0,1,19.99
76561198065598964,620,0,1,19.99
RAFFRO,620,0,1,19.99
76561198075422436,211820,0,1,14.99
lomardriver,211820,0,1,14.99
76561198087279731,206210,0,1,0.0
76561198280059944,206210,0,1,0.0
76561198073964669,224540,0,1,14.99
76561198012607950,9930,0,1,19.99
sdq101,60,0,1,4.99
76561198120768369,60,0,1,4.99
76561198022423117,500,0,1,19.99
SydneyKerley,500,0,1,19.99
sschuarmatt,107100,0,1,14.99
76561198060903464,4920,0,1,9.99
Peteluke,113200,0,1,4.99
76561198108069084,113200,0,1,4.99
76561198069112012,3830,0,1,9.99
76561198127489966,3830,0,1,9.99
76561198070633333,204360,0,1,14.99
Genesiszs,34900,0,1,0.99
76561198074414765,213670,0,1,29.99
jb_is_gay,8190,0,1,14.99
76561198132624943,8190,0,1,14.99
76561198140985236,8190,0,1,14.99
76561198076844104,230410,0,1,0.0
TheillegalD,57300,0,1,19.99
76561198080317444,301520,0,1,0.0
MiguelZ1K4,210770,0,1,14.99
76561198081870185,239820,0,1,9.99
toknbl,219640,0,1,24.99
76561198083770638,24240,0,1,14.99
michael_karl2009,24800,0,1,19.99
76561198090222300,208090,0,1,0.0
76561198093575256,249130,0,1,19.99
76561198095394823,17390,0,1,19.99
76561198095926289,4500,1,0,19.99
76561198101913613,10500,0,1,19.99
76561198106876307,220260,0,1,19.99
OttomansRinSpace,2590,0,1,4.99
76561198114445977,226720,0,1,24.99
76561198118926584,247730,0,1,4.99
76561198132637732,252490,0,1,19.99
76561198137941512,252490,0,1,19.99
76561198134732704,221100,0,1,34.99
Atomic_Unicorn_7,223710,0,1,0.0
mataway,200210,0,1,0.0
jakefarnsdirttrack,55140,0,1,19.99
76561198148988655,255420,0,1,9.99
76561198162065948,290730,0,1,0.0
76561198166194627,212500,0,1,0.0
76561198208704549,109600,0,1,0.0
MeloncraftLP,262850,0,1,19.99
